section,template,short_headline,headline,topic,blurb,article_url,image_or_video_poster_url,video_url,faces_individual_image_url,faces_individual_article_link
Most-Read,bkground-img,,Researchers investigate four promising treatments for Lyme disease,,,http://www.northeastern.edu/news/2016/03/researchers-investigate-four-promising-new-treatments-for-lyme-disease/,http://www.northeastern.edu/news/wp-content/uploads/2016/03/1400_933.jpg,,,
Most-Read,bkground-white-right-img,,A guide to the 2016 Massachusetts ballot questions,,,http://www.northeastern.edu/news/2016/11/a-guide-to-the-2016-massachusetts-ballot-questions/,http://www.northeastern.edu/news/wp-content/uploads/2016/11/BallotQs_1400.jpg,,,
Most-Read,bkground-img-2,,Northeastern announced latest plans for new residence hall,,,http://www.northeastern.edu/news/2016/11/a-guide-to-the-2016-massachusetts-ballot-questions/,http://www.northeastern.edu/news/wp-content/uploads/2016/01/BurkeStreet600.jpg,,,
Most-Read,bkground-white-left-img,,Researchers find tipping point between resilience and collapse in complex systems,,,http://www.northeastern.edu/news/2016/02/researchers-find-the-tipping-point-between-resilience-and-collapse-in-complex-systems/,http://www.northeastern.edu/news/wp-content/uploads/2016/02/neu_m039q7092q.jpg,,,
Most-Read,bkground-img,,Marijuana in Massachusetts: What happens now that it’s legal,,,http://www.northeastern.edu/news/2016/11/marijuana-in-massachusetts-what-happens-now-that-its-legal/,http://www.northeastern.edu/news/wp-content/uploads/2016/11/pot1400.jpg,,,
Most-Read,bkground-white-right-img,,Undergraduate applications to Northeastern show consistent rise in quality and quantity,,,http://www.northeastern.edu/news/2016/03/undergraduate-applications-to-northeastern-show-consistent-rise-in-quality-and-quantity/,http://www.northeastern.edu/news/wp-content/uploads/2016/03/Fall2016applications1.jpg,,,
Most-Read,bkground-img,,Students to receive posthumous degrees,,,http://www.northeastern.edu/news/2016/03/students-to-receive-posthumous-degrees/,http://www.northeastern.edu/news/wp-content/uploads/2016/03/McGrathTorres_775x500.jpg,,,
Most-Read,bkground-white-left-img,,"Northeastern named one of 50 colleges that launch careers, create futures",,,http://www.northeastern.edu/news/2016/04/northeastern-named-one-of-50-colleges-that-launch-careers-create-futures/,http://www.northeastern.edu/news/wp-content/uploads/2016/04/TPR_NYT_1400x933.jpg,,,
Most-Read,bkground-img,,Secretary of State John Kerry to deliver Commencement address,,,http://www.northeastern.edu/news/2016/02/secretary-of-state-john-kerry-to-deliver-northeastern-universitys-2016-commencement-address/,http://www.northeastern.edu/news/wp-content/uploads/2016/02/JohnKerry1400.jpg,,,
Most-Read,bkground-white-right-img,,In Photos: Interdisciplinary Science and Engineering Complex,,,http://www.northeastern.edu/news/2016/12/interdisciplinary-science-and-engineering-complex-2/,http://www.northeastern.edu/news/wp-content/uploads/2016/12/030316_MM_ISEC_004.jpg,,,
Article,bkground-img-2,,Northeastern approves new academic plan,,,http://www.northeastern.edu/news/2016/10/board-of-trustees-approves-new-academic-plan-northeastern-2025/,http://www.northeastern.edu/news/wp-content/uploads/2016/10/AcademicPlan_1400x933.jpg,,,
Article,bkground-img-2,,Commencement celebrates newest graduates,,,http://www.northeastern.edu/news/2016/04/liveblog-rise-2016/,http://www.northeastern.edu/news/wp-content/uploads/2016/05/commencement_featured.jpg,,,
Article,bkground-img-2,,President’s Convocation welcomes newest students,,,http://www.northeastern.edu/news/2016/09/northeastern-welcomes-119th-entering-class/,http://www.northeastern.edu/news/wp-content/uploads/2016/09/2016Convocation5.jpg,,,
Article,bkground-img-2,,Northeastern honors veterans for ‘answering the call of our nation’,,,http://www.northeastern.edu/news/2016/11/northeastern-honors-veterans-for-answering-the-call-of-our-nation/,http://www.northeastern.edu/news/wp-content/uploads/2016/11/Vets_Low_Res_004.jpg,,,
,,,,,,,,,,
,,,,,,,,,,
Research,video,,Biological detectives use Big Data to track disease progression,,,http://www.northeastern.edu/news/multimedia-items/biological-detectives-use-big-data-to-track-disease-progression/,http://www.northeastern.edu/news/wp-content/uploads/2016/08/datasets1400.jpg,assets/images/olga.mp4,,
Research,grid-layout,,Northeastern achieves highest classification for research activity,,,http://www.northeastern.edu/news/2016/02/northeastern-achieves-highest-classification-for-research-activity/,http://www.northeastern.edu/news/wp-content/uploads/2016/02/Carnegie_research.jpg,,,
Research,grid-layout,,Northeastern receives $9M grant to fast track the discovery of new antibiotics,,,http://www.northeastern.edu/news/2016/07/northeastern-receives-9m-grant-to-fast-track-the-discovery-of-new-antibiotics/,http://www.northeastern.edu/news/wp-content/uploads/2016/07/neu_333250.jpg,,,
Research,grid-layout,,Northeastern’s NASA robot meets the public,,,http://www.northeastern.edu/news/2016/06/valkyrie/,http://www.northeastern.edu/news/wp-content/uploads/2016/06/valkyrie_lead_image.gif,,,
Research,grid-layout,,Researchers track spread of Zika virus,,,http://www.northeastern.edu/news/2016/08/tracking-zika-researchers-project-epidemics-growth-and-spread/,http://www.northeastern.edu/news/wp-content/uploads/2016/08/600_400_3.jpg,,,
Research,grid-layout,,"Research, innovation rise above the rest at RISE:2016",,,http://www.northeastern.edu/news/2016/04/liveblog-rise-2016/,http://www.northeastern.edu/news/wp-content/uploads/2016/04/RISEfirstblogpost-e1459996766404.jpeg,,,
Research,grid-layout,,The future of airport security,,,http://www.northeastern.edu/news/2016/04/creating-the-future-of-airport-security/,http://www.northeastern.edu/news/wp-content/uploads/2016/04/security.gif,,,
,,,,,,,,,,
In-Competition,,,Live from Cincinnati: Men’s hockey in NCAA tournament,,,http://www.northeastern.edu/news/2016/03/liveblog-northeastern-mens-hockey-goes-to-ncaa-tournament/,http://www.northeastern.edu/news/wp-content/uploads/2016/02/Beanpot_015.jpg,,,
In-Competition,,,Champion rock climber shines on American Ninja Warrior,,,http://www.northeastern.edu/news/2016/09/he-gave-everything-he-had-on-american-ninja-warrior-and-gained-much-more/,http://www.northeastern.edu/news/wp-content/uploads/2016/05/NUP_172865_1820.jpg,,,
In-Competition,,,Women’s powerlifting club wins sport’s world cup,,,http://www.northeastern.edu/news/2016/07/womens-powerlifting-club-wins-sports-world-cup/,http://www.northeastern.edu/news/wp-content/uploads/2016/07/trio_medals_powerlifting.jpg,,,
,,,,,,,,,,
New-Partnerships,,,"Federal program links Northeastern, General Electric",,,http://www.northeastern.edu/news/2016/08/northeastern-to-partner-with-ge-in-new-federal-education-innovation-program/,http://www.northeastern.edu/news/wp-content/uploads/2016/08/Northeastern_campus.jpg,,,
New-Partnerships,,,Academic opportunities in Cuba,,,http://www.northeastern.edu/news/2016/05/northeastern-secures-academic-partnerships-for-co-ops-research-in-cuba/,http://www.northeastern.edu/news/wp-content/uploads/2016/05/CubaAgreementFANJ.jpg,,,
New-Partnerships,,,Leaders hail new loan program for local businesses,,,http://www.northeastern.edu/news/2016/10/northeastern-city-and-community-leaders-hail-new-loan-program-for-local-businesses/,http://www.northeastern.edu/news/wp-content/uploads/2016/10/Lending1.jpg,,,
,,,,,,,,,,
Campus-Updates,,,Burke Street residence hall,,,http://www.northeastern.edu/news/2016/01/northeastern-announces-latest-plans-for-new-residence-hall/,http://www.northeastern.edu/news/wp-content/uploads/2016/01/BurkeStreet600.jpg,,,
Campus-Updates,,,Tunnel system,,,http://www.northeastern.edu/news/2016/09/a-photo-tour-of-the-renovated-tunnel-system/,http://www.northeastern.edu/news/wp-content/uploads/2016/09/sustainability_graphics_1400.jpg,,,
Campus-Updates,,,Curry Student Center,,,http://www.northeastern.edu/news/2016/07/campus-construction-update-curry-student-center/,http://www.northeastern.edu/news/wp-content/uploads/2016/07/CSC_InfoDesk01_1400x933.jpg,,,
Campus-Updates,,,Public Art Initiative,,,http://www.northeastern.edu/news/2016/10/new-campus-mural-celebrates-community/,http://www.northeastern.edu/news/wp-content/uploads/2016/10/Mural_031.jpg,,,
,,,,,,,,,,
Exploring-the-World,,,Iceland’s music scene in focus on global co-op,,,http://www.northeastern.edu/news/2016/08/a-monster-look-at-one-students-global-co-op-in-icelands-music-scene/,http://www.northeastern.edu/news/wp-content/uploads/2016/08/MadiMurphy.jpg,,,
Exploring-the-World,,,Schwarzman Scholar is bound for China,,,http://www.northeastern.edu/news/2016/12/northeastern-senior-named-schwarzman-scholar/,http://www.northeastern.edu/news/wp-content/uploads/2016/12/Seibert.jpg,,,
Exploring-the-World,,,Seniors honored for co-​​op accomplishments,,,http://www.northeastern.edu/news/2016/05/seniors-honored-for-co-op-accomplishments/,http://www.northeastern.edu/news/wp-content/uploads/2016/05/GetFileAttachment-1.png,,,
Exploring-the-World,,,Award-​​winning Rio Olympics coverage in Brazil,,,http://www.northeastern.edu/news/2016/11/students-reporting-part-of-award-winning-rio-olympics-coverage-on-evictions/,http://www.northeastern.edu/news/wp-content/uploads/2016/11/Giulia.jpg,,,
,,,,,,,,,,
Global-News-Stories,,,Trump’s victory ‘one of the biggest political upsets in history’,,,http://www.northeastern.edu/news/2016/11/trumps-victory-one-of-the-biggest-political-upsets-in-history/,http://www.northeastern.edu/news/wp-content/uploads/2016/11/5440388253_7a8e8c1584_b.jpg,,,
Global-News-Stories,,,"Faculty, staff reflect on Muhammad Ali and his Northeastern ties",,,http://www.northeastern.edu/news/2016/06/faculty-staff-reflect-on-muhammad-ali-and-his-northeastern-ties/,http://www.northeastern.edu/news/wp-content/uploads/2016/06/MuhammadAli.jpeg,,,
Global-News-Stories,,,Fidel Castro’s legacy and what’s next for Cuba,,,http://www.northeastern.edu/news/2016/11/fidel-castros-death-his-legacy-and-what-is-next-for-us-cuban-relations/,http://www.northeastern.edu/news/wp-content/uploads/2016/11/9609361_053404a0f7_b.jpg,,,
Global-News-Stories,,,Life after Brexit,,,http://www.northeastern.edu/news/2016/06/3qs-life-after-brexit/,http://www.northeastern.edu/news/wp-content/uploads/2016/06/brexit_puzzle.jpg,,,
,,,,,,,,,,
Faces,faces,,,,,http://www.northeastern.edu/news/blog/faces/,,,http://www.northeastern.edu/news/wp-content/uploads/2016/12/Thumb_D3A0190.jpg,http://www.northeastern.edu/news/2016/12/patrick-liang/
Faces,faces,,,,,,,,http://www.northeastern.edu/news/wp-content/uploads/2016/12/Featured_D3A0239-709x1066.jpg,http://www.northeastern.edu/news/2016/12/desmond-emmanuel/
Faces,faces,,,,,,,,http://www.northeastern.edu/news/wp-content/uploads/2016/12/Featured_D3A0252-709x1066.jpg,http://www.northeastern.edu/news/2016/12/meghana-bantwal/
Faces,faces,,,,,,,,http://www.northeastern.edu/news/wp-content/uploads/2016/11/Featured_D3A8533-709x1066.jpg,http://www.northeastern.edu/news/2016/11/elena-sullivan/
Faces,faces,,,,,,,,http://www.northeastern.edu/news/wp-content/uploads/2016/10/Featured_D3A5008-709x1066.jpg,http://www.northeastern.edu/news/2016/10/glenn-lindsey/
Faces,faces,,,,,,,,http://www.northeastern.edu/news/wp-content/uploads/2016/10/Featured_D3A5083A-709x1066.jpg,http://www.northeastern.edu/news/2016/10/kev-lipert/
,,,,,,,,,,
,,,,,,,,,,
,,,,,,,,,,
Best-Photos,image-gallery,,Trump Elected,,Photo by Matthew Modoono/​Northeastern University,,http://www.northeastern.edu/news/wp-content/uploads/2016/12/trump_1400.jpg,,,
Best-Photos,image-gallery,,Marijuana legal in Mass,,Photo by Matthew Modoono/​Northeastern University,,http://www.northeastern.edu/news/wp-content/uploads/2016/11/pot1400.jpg,,,
Best-Photos,image-gallery,,Fidel Castro's Death,,Photo by Matthew Modoono/​Northeastern University,,http://www.northeastern.edu/news/wp-content/uploads/2016/11/9609361_053404a0f7_b.jpg,,,
,,,,,,,,,,
In-The-Press,,,"In new sorting of colleges, Dartmouth falls out of an exclusive group",The Washington Post,,https://www.washingtonpost.com/news/grade-point/wp/2016/02/04/in-new-sorting-of-colleges-dartmouth-falls-out-of-an-exclusive-group/?utm_term=.b3cee2555ad6,,,,
In-The-Press,,,A teenage who can’t speak finally sounds like himself,The Wall Street Journal,,http://www.wsj.com/articles/how-people-who-cant-speak-can-sound-like-themselves-1455592266,,,,
In-The-Press,,,Hybrid jobs call for hybrid education,Harvard Business Review,,https://hbr.org/2016/04/hybrid-jobs-call-for-hybrid-education,,,,
In-The-Press,,,John Kerry tells Northeastern grads they are Trump’s ‘worst nightmare’,The Wall Street Journal,,http://blogs.wsj.com/washwire/2016/05/06/john-kerry-tells-northeastern-grads-they-are-trumps-worst-nightmare/,,,,
In-The-Press,,,Northeastern to establish co-op programs in Cuba,The Boston Globe,,https://www.bostonglobe.com/metro/2016/05/13/northeastern-establish-programs-cuba/5oW3ztwCrbWfAQaU2NmNuL/story.html,,,,
In-The-Press,,,Northeastern University’s workforce training could be roadmap for improving internships,The Washington Post,,https://www.washingtonpost.com/news/grade-point/wp/2016/05/14/northeastern-universitys-workforce-training-could-be-a-roadmap-for-improving-internships/?utm_term=.20b5f939fef2,,,,
In-The-Press,,,NASA's Valkyrie robots set the table for human life on Mars,The Associated Press,,http://bigstory.ap.org/article/f380de0aae47470f84cc0904e60a9400/nasas-valkyrie-robots-set-table-human-life-mars,,,,
In-The-Press,,,The woeful TSA doesn’t need more staff. It needs this tech,WIRED,,https://www.wired.com/2016/05/forget-extra-staffers-fix-tsa-technologies/,,,,
In-The-Press,,,Algorithmic pricing is creating an arms race on Amazon’s marketplace,Fast Company,,https://www.fastcoexist.com/3060803/algorithmic-pricing-is-creating-an-arms-race-on-amazons-marketplace,,,,
In-The-Press,,,"Zika moves quickly, and scientists fear that journals aren’t keeping pace",The Chronicle of Higher Education,,http://www.chronicle.com/article/Zika-Moves-Quickly-and/237419,,,,
In-The-Press,,,"Northeastern, GE partner on accelerated manufacturing degree program",The Boston Globe,,https://www.bostonglobe.com/metro/2016/08/16/northeastern-partner-create-accelerated-manufacturing-degree/SyFu2kflRKb3nglJ6f2qUO/story.html,,,,
In-The-Press,,,A lynching kept out of sight,The Washington Post,,http://www.washingtonpost.com/sf/national/2016/09/02/the-story-of-the-only-known-lynching-on-a-u-s-military-base/,,,,
In-The-Press,,,Robotic mussels track rising temperatures for climate research,The New York Times,,http://www.nytimes.com/2016/10/18/science/robotic-mussels-climate-change.html?_r=0,,,,
In-The-Press,,,Higher education for the AI age: Let’s think about it before the machines do it for us,,,https://www.washingtonpost.com/news/grade-point/wp/2016/10/27/higher-education-for-the-ai-age-lets-think-about-it-before-the-machines-do-it-for-us/?utm_term=.dd520164b4a5,,,,
In-The-Press,,,"When it comes to success, age really is just a number",The New York Times,,http://www.nytimes.com/2016/11/04/science/stem-careers-success-achievement.html,,,,